-- phpMyAdmin SQL Dump
-- version 5.2.1
-- https://www.phpmyadmin.net/
--
-- Хост: srv-pleskdb23.ps.kz:3306
-- Время создания: Апр 24 2023 г., 17:15
-- Версия сервера: 10.6.11-MariaDB
-- Версия PHP: 8.0.28

SET SQL_MODE = "NO_AUTO_VALUE_ON_ZERO";
START TRANSACTION;
SET time_zone = "+00:00";


/*!40101 SET @OLD_CHARACTER_SET_CLIENT=@@CHARACTER_SET_CLIENT */;
/*!40101 SET @OLD_CHARACTER_SET_RESULTS=@@CHARACTER_SET_RESULTS */;
/*!40101 SET @OLD_COLLATION_CONNECTION=@@COLLATION_CONNECTION */;
/*!40101 SET NAMES utf8mb4 */;

--
-- База данных: `psxkz_osanatori`
--

-- --------------------------------------------------------

--
-- Структура таблицы `review`
--

CREATE TABLE `review` (
  `id` int(11) NOT NULL,
  `name` varchar(255) NOT NULL,
  `txt_ru` text NOT NULL,
  `txt_kz` text DEFAULT NULL,
  `logo` varchar(255) DEFAULT NULL,
  `date` int(11) DEFAULT NULL,
  `dt` date DEFAULT NULL
) ENGINE=InnoDB DEFAULT CHARSET=utf8mb3 COLLATE=utf8mb3_general_ci;

--
-- Дамп данных таблицы `review`
--

INSERT INTO `review` (`id`, `name`, `txt_ru`, `txt_kz`, `logo`, `date`, `dt`) VALUES
(1, 'Асем Нышанбаева', 'Мы всей семьей были в вашем санатории в августе 2020г.\r\nНам очень понравилось. Отличное расположение, в сосновом бору, дишиться отменно..особенно утром встанешь, а запах сосны шикарный.', '', 'noroot.png', 24, '2020-08-07'),
(2, 'Багдат Суюнов', 'Огромное спасибо руководству и всем работникам санатория \"Сарыагаш\" за организацию работы в проведении лечения, питания, отдыха и всем обслуживающим нас пенсионеров. Доброго Вам здоровья, успехов в Вашей работе.', '', 'photo_2021-01-04_23-59-01.jpg', 21, '2020-12-05'),
(3, 'Алипа Аманбаева', 'Мне очень понравилось в санатории. Смогла пройти полный курс лечения по своим заболениям. Профессиональные врачи определели мои недуги и в течение 2 недель мы работы над их устранением.', '', 'photo_2021-01-05_00-00-59.jpg', 57, '2020-05-13'),
(4, 'Канипа Байсалова', 'Отдыхали с семьёй, санаторий очень хороший! Вежливый персонал, удобные тихие номера, питание на высшем уровне, огромная вся высаженная и ухоженная территория. Остались очень довольны отдыхом! А самое главное соотношение цены и качества!))', '', 'photo_2021-01-05_00-01-03.jpg', 36, '2019-06-12'),
(6, 'Серик Максатов', 'Добрый день! с 2009 года по 2018 года отдыхаю! в этом году собираюсь! Очень внимательный мед персонал, вкусно готовят в ресторане. Чистый воздух, сосны. елки... действительно для отдыха. Спасибо. Рекомендую.', '', 'photo_2021-01-05_00-07-11.jpg', 70, '2019-04-25'),
(7, 'Гуля Бегенова', 'Добрый день! Рекомендую отдых в санатории Сарыагаш! Нам с мужем очень понравилось, лицо санатория девочки на ресепшене очень приветливые!', '', 'photo_2021-01-05_00-41-40.jpg', 55, '2017-05-06');

-- --------------------------------------------------------

--
-- Структура таблицы `sana`
--

CREATE TABLE `sana` (
  `id` int(11) NOT NULL,
  `nm` varchar(255) DEFAULT NULL,
  `name` varchar(255) DEFAULT NULL,
  `info` text DEFAULT NULL,
  `fon` varchar(255) DEFAULT NULL,
  `yes` int(11) DEFAULT NULL,
  `arh` int(11) DEFAULT NULL
) ENGINE=InnoDB DEFAULT CHARSET=utf8mb3 COLLATE=utf8mb3_general_ci;

--
-- Дамп данных таблицы `sana`
--

INSERT INTO `sana` (`id`, `nm`, `name`, `info`, `fon`, `yes`, `arh`) VALUES
(1, 'kazahstan', 'Казахстан KZ', 'Cанаторий сарыагаш Казахстан KZ - многопрофильный комфортабельный 4-х звездочный современно-оснащенный санаторий специализированный на лечении: органов желудочно-кишечного тракта, органов дыхания, урологических и гинекологических заболеваний, опорно-двигательного аппарата. Построен в виде типового здания 4-х этажного спального корпуса. Лечебное отделение находится в основном корпусе, что благоприятно влияет на лечение. Наш санаторий функционирует круглогодично и рассчитан на 185 человек', 'id3f.jpg', 1, NULL),
(2, 'kokterek', 'Коктерек', 'Санаторий «КОКТЕРЕК» расположен в живописном районе города Сары-агаш Южно-Казахстанской области. Теплые климатические условия, чистый свежий воздух, отсутствие сильных ветров, изобилие солнечных лучей, минеральная вода – все эти ценнейшие природные и климатические лечебные факторы сопутствует оздоровлению и лечению организма в санатории «КОКТЕРЕК». Теперь волшебная, уникальная минеральная вода источника «Сары-агаш», благодаря которой не одно поколение поддерживает свое здоровье, доступны и Вам!!!', 'id4f.png', 1, NULL),
(3, 'aktilek', 'Ақ Тілек', 'Ақ-Тілек Шипажайы - это новый современный, комфортабельный санаторий в курортной зоне Сарыагаш. Основным фактором лечения в данном санатории является местная гидрокарбонатно-натриевая минеральная вода Сарыагаш, которая оказывает благоприятное воздействие при лечении заболеваний желудочно-кишечного тракта.', 'id5f.jpg', 1, NULL),
(4, 'oksi', 'Окси Сарыагаш', 'Санаторий «Окси Сарыагаш» находится в уникальной курортной зоне Сарыагаш на юге Казахстана, в 130 км. от города Шымкент.', 'id6f.png', 1, NULL),
(5, 'salma', 'Салма Караван', 'Санаторий Салма-Караван это комплекс лечебного отдыха, основанный на лечении органов желудочно-кишечного тракта. Помимо профессионального и эффективного лечения, здесь вы насладитесь живописными Казахстанскими просторами, чистейшим степным воздухом и самой вкусной восточной кухней в ресторане санатория Салма-Караван.', 'id7f.jpg', 1, NULL),
(6, 'erdaulet', 'Ердаулет', NULL, 'photo_2021-01-06_16-57-55.jpg', 1, NULL),
(7, 'daria', 'Дария', 'Санаторий –профилакторий «Дария» Условия размещения: проживание в номерах – полу люкс,эконом. Все номера имеют телевизоры, спутниковым телевидением (24 канала), DVD, кондиционером «зима-лето»,электрочайником, санузел с и душем.', 'id24f.jpg', NULL, NULL),
(8, 'akbulak', 'Ақ Бұлақ', 'Новый санаторий \"Ак Булак\" 3-х звездочный санаторий, специализированный на лечении органов желудочно-кишечного тракта. Санаторий \"Ак Булак\" расположен в курортной зоне Сарыагаш в 140 км от города Шымкент.', 'id23f.jpg', NULL, NULL),
(9, 'akjaik', 'Ак Жайык', 'Санаторий Ак Жайык находится в курортной зоне Сарыагаш и является одним из лучших санаториев курортной зоны. Весь комплекс выдержан в едином стиле, имеет удобные подъездные пути и благоустроенную территорию. Отдыхающим оказывают услуги квалифицированные врачи, вежливый медперсонал. Главным же лечащим фактором является минеральная вода.', 'id9f.jpg', NULL, NULL),
(10, 'injumarjan', 'Інжу Маржан', 'Санаторий «Керуен» расположен в 130км от г. Шымкент в Сарыагашском районе. Комплекс состоит из 3 этажного здания: на нулевом этаже размещены процедурные кабинеты, на первом этаже: столовая и жилые номера, а также на 2,3-х этажах жилые номера. В «Керуен» имеются следующие номера: эконом класс, полу люксы, люксы 1 категории, люксы 2 категории, супер люксы.', 'id10f.jpg', NULL, NULL),
(11, 'jylysuns', 'Жылы Су NS', 'Санаторий «Жылы Су» расположен на территории курорта Сарыагаш. В санатории «Жылы Су» Вам предложат оздоровительные процедуры и полноценный отдых в номерах категорий «Полулюкс», «Люкс». В санатории производятся все виды лечения на основе минеральной воды «Сарыагаш».', 'id11f.jpg', NULL, NULL),
(12, 'saia', 'Сая', 'Санаторий «Сая» расположен в 130км от г. Шымкент в Сарыагашском районе. Комплекс состоит из 3 этажного здания: на нулевом этаже размещены процедурные кабинеты, на первом этаже: столовая и жилые номера, а также на 2,3-х этажах жилые номера. В «Сая» имеются следующие номера: эконом класс, полу люксы, люксы 1 категории, люксы 2 категории, супер люксы.', 'id12f.jpg', NULL, NULL),
(13, 'marjansu', 'Маржан Су', 'В Сарыагаше открылся новый санаторий \"Маржан Су\", который предлагает оздоровительные процедуры и полноценный отдых на основе широко известной минеральной воды \"Сарыагаш\".', 'id13f.jpg', 1, NULL),
(14, 'bereke', 'Береке', 'Санаторий \"Береке\" ― новый компактный, тихий и уютный санаторий, успевший полюбиться многим.Санаторий «БЕРЕКЕ» расположен в живописном районе г.Сарыагаш Южно- Казахстанской области. Теплые климатические условия, чистый свежий воздух, отсутствие сильных ветров, изобилие солнечных лучей и минеральные воды - все это ценнейшие природные и климатические лечебные факторы, которые сопутствуют оздоровлению и лечению организма в санатории «Береке-7». Теперь волшебная, уникальная минеральная вода источника «Сарыагаш» благодаря, которой не одно поколение поддерживает свое здоровье, доступны и Вам!', 'id14f.jpg', NULL, NULL),
(15, 'aigasyr', 'Ай Ғасыр', 'Санаторий \"Ай Ғасыр\" ― новый двухэтажный современный санаторий, успевший полюбиться многим. Находится недалеко от санатория \"Кок терек\" и напротив санатория «Маржан су»', 'id15f.jpg', NULL, NULL),
(16, 'jansaia', 'Жансая', 'Уважаемые Дамы и Господа! Предлагаем Вам отдых и лечение в элитном санатории «Жансая» расположенный на территории известного курорта «Сарыагаш»! Самые лучшие условия в наших комфортабельных и уютных номерах, а также доброжелательный и профессиональный персонал сделают Ваше лечение эффективным, а отдых незабываемым!', 'id16f.jpg', NULL, NULL),
(17, 'akniet', 'Ак Ниет', 'Санаторий Ак ниет расположен в экологически чистой, тихой зоне и находится в 5 км от райцентра Мерке на окраине поселка Ойтал. Прекрасный климат курортного района, искусственный водоем, живописная природа - незаменимые спутники хорошего отдыха.', 'id17f.jpg', 1, NULL),
(18, 'asel', 'Асель', 'Уютный санаторный комплекс категории стандарт — для тех, кто думает о своем здоровье и здоровье своих близких. Если Вы ищете отличный сервис и качественное обслуживание, тогда этот санаторий для вас. Отдых в таком курорте поможет сохранить здоровье и отдохнуть от городской суеты.', 'id18f.jpg', NULL, NULL),
(19, 'baikonyr', 'Байконур', 'Лечебно оздоровительный Санаторий «Байқоныр» предлагает услуги по лечению, профилактике и отдыха. Предлагаем Вам совместить приятный отдых с оздоровительным лечением. Санаторий специализирован по лечению желудочно-кишечного тракта урологических и гинекологических заболеваний. Основным лечебным фактором является минеральная вода которая богата своими минералами микроэлементами и обладает эффективными лечебными свойствами.', 'id19f.jpg', NULL, NULL),
(20, 'saryagash', 'Сарыагаш', 'В «ЛРК Сарыагаш» к Вашим услугам работает медицинский комплекс, в котором новейшие технологии отечественной курортологии и физиотерапии эффективно сочетаются с лучшими мировыми достижениями медицины. Высококвалифицированные врачи с многолетним стажем работы предложат всю необходимую помощь для Вашего оздоровления. Надеемся и верим, что многолетний опыт в сфере санаторно-курортных услуг и уникальные целебные факторы нашего комплекса сделают Вашу жизнь ещё лучше, эмоциональнее и краше.', 'id20f.jpg', NULL, NULL),
(21, 'zari', 'Зари', 'Новый Санаторий \"Зари\" профилизирован по действию минеральной воды на организм человека.Наше лечение основано на приеме минеральной воды, проведенной из скважины Сарыагаш. В этом санатории работают высококвалифицированные врачи: врач УЗИ, терапевт, невропатолог, кардиолог, гастроэнтеролог, гинеколог, уролог. Комфортабельные полу люкс номера европейского стандарта оснащены современным оборудованием и продуют вас уютом и комфортом.', 'id21f.jpg', NULL, NULL),
(22, 'bosaga', 'Босаға', 'Новый санаторий \"Босага\" встретил новых посетителей и отдыхающих 1 июня 2018 года. Санаторий \"Босага\" может принять одновременно 120 человек в гостевых номерах. В новой лечебнице есть стандартые номера с базовым набором условий, интернет и лифт. Номера представлены в друх категориях- люкс и полулюкс.', 'id22f.jpg', 1, NULL),
(23, 'salybek', 'Салыбек', NULL, 'photo_2021-01-07_13-36-20.jpg', NULL, NULL),
(24, 'aisary', 'Aisary', NULL, 'photo_2021-01-07_13-35-25.jpg', NULL, NULL),
(25, 'altynai', 'Алтынай Люкс', 'Люксовый санаторий «Алтынай Люкс» курорта Сарыагаш относительно новый. Специализируется на лечении и восстановлении организма используя минеральную воду Сарыагаш. С каждым годом санатории курорта Сарыагаш становятся популярными, потому что лечение и отдых у нас обходится куда дешевле чем зарубежом. Уровень квалификации наших врачей и медработников ничем не хуже зарубежных. Полезные свойства же минеральной воды Сарыагаш еще лучше чем скажем в курортах Карловы Вары, Трускавец или же Кавминводах.', 'id8f.jpg', NULL, NULL),
(26, 'hydrolaif', 'Гидролаиф', NULL, 'photo_2021-01-06_16-59-15.jpg', NULL, NULL),
(27, 'kausarbulak', 'Кәусар Бұлак', NULL, 'photo_2021-01-06_17-01-33.jpg', NULL, NULL),
(28, 'keryen', 'Керуен', NULL, 'photo_2021-01-06_17-03-26.jpg', NULL, NULL),
(29, 'aijan', 'Аяжан MM', NULL, 'photo_2021-01-06_17-05-18.jpg', 1, NULL),
(30, 'darhan', 'Дархан', NULL, 'photo_2021-01-06_17-07-44.jpg', NULL, NULL),
(31, 'akva', 'Аква', NULL, 'photo_2021-01-07_13-20-33.jpg', 1, NULL),
(32, 'altynshanyrak', 'Алтын Шаңырақ', NULL, 'photo_2021-01-07_13-21-21.jpg', NULL, NULL),
(33, 'aishabibi', 'Айша-Бибі', NULL, 'photo_2021-01-07_13-23-08.jpg', NULL, NULL),
(34, 'asemai', 'Әсем-ай', NULL, 'photo_2021-01-07_13-25-28.jpg', NULL, NULL),
(35, 'hadiapalas', 'Хадия Палас', NULL, 'photo_2021-01-07_13-32-55.jpg', NULL, NULL),
(36, 'zangar', 'Занғар', NULL, 'photo_2021-01-07_13-34-07.jpg', NULL, NULL),
(37, 'adilet', 'Аділет', NULL, 'photo_2021-01-07_13-35-03.jpg', NULL, NULL);

-- --------------------------------------------------------

--
-- Структура таблицы `sana_img`
--

CREATE TABLE `sana_img` (
  `id` int(11) NOT NULL,
  `sana_id` int(11) NOT NULL,
  `src` text NOT NULL
) ENGINE=InnoDB DEFAULT CHARSET=utf8mb3 COLLATE=utf8mb3_general_ci;

--
-- Дамп данных таблицы `sana_img`
--

INSERT INTO `sana_img` (`id`, `sana_id`, `src`) VALUES
(1, 1, '1.jpg'),
(2, 1, '2.jpg'),
(3, 1, '3.jpg'),
(4, 1, '4.jpg'),
(5, 1, '5.jpg'),
(6, 1, '6.jpg'),
(7, 1, '7.jpg'),
(8, 1, '8.jpg'),
(9, 1, '9.jpg'),
(10, 1, '10.jpg'),
(11, 1, '11.jpg'),
(12, 1, '12.jpg'),
(13, 2, '1.jpg'),
(14, 2, '2.jpg'),
(15, 2, '3.jpg'),
(16, 2, '4.jpg'),
(17, 2, '5.jpg'),
(18, 2, '6.jpg'),
(19, 2, '7.jpg'),
(20, 2, '8.jpg'),
(21, 2, '9.jpg'),
(22, 2, '10.jpg'),
(23, 2, '11.jpg'),
(24, 2, '12.jpg'),
(37, 3, '1.jpg'),
(38, 3, '2.jpg'),
(39, 3, '3.jpg'),
(40, 3, '4.jpg'),
(41, 3, '5.jpg'),
(42, 3, '6.jpg'),
(43, 3, '7.jpg'),
(44, 3, '8.jpg'),
(45, 3, '9.jpg'),
(46, 3, '10.jpg'),
(47, 3, '11.jpg'),
(48, 3, '12.jpg'),
(49, 3, '13.jpg'),
(50, 3, '14.jpg'),
(51, 4, '1.jpg'),
(52, 4, '2.jpg'),
(53, 4, '3.jpg'),
(54, 4, '4.jpg'),
(55, 4, '5.jpg'),
(56, 4, '6.jpg'),
(57, 4, '7.jpg'),
(58, 4, '8.jpg'),
(59, 4, '9.jpg'),
(60, 4, '10.jpg'),
(61, 4, '11.jpg'),
(62, 4, '12.jpg'),
(63, 5, '1.jpg'),
(64, 5, '2.jpg'),
(65, 5, '3.jpg'),
(66, 5, '4.jpg'),
(67, 5, '5.jpg'),
(68, 5, '6.jpg'),
(69, 5, '7.jpg'),
(70, 5, '8.jpg'),
(71, 5, '9.jpg'),
(72, 5, '10.jpg'),
(73, 5, '11.jpg'),
(74, 5, '12.jpg'),
(75, 25, '1.jpg'),
(76, 25, '2.jpg'),
(77, 25, '3.jpg'),
(78, 25, '4.jpg'),
(79, 25, '5.jpg'),
(80, 25, '6.jpg'),
(81, 25, '7.jpg'),
(82, 25, '8.jpg'),
(83, 25, '9.jpg'),
(84, 25, '10.jpg'),
(85, 25, '11.jpg'),
(86, 25, '12.jpg'),
(87, 25, '13.jpg'),
(88, 9, '1.jpg'),
(89, 9, '2.jpg'),
(90, 9, '3.jpg'),
(91, 9, '4.jpg'),
(92, 9, '5.jpg'),
(93, 9, '6.jpg'),
(94, 9, '7.jpg'),
(95, 9, '8.jpg'),
(96, 9, '9.jpg'),
(97, 9, '10.jpg'),
(98, 10, '1.jpg'),
(99, 10, '2.jpg'),
(100, 10, '3.jpg'),
(101, 10, '4.jpg'),
(102, 10, '5.jpg'),
(103, 10, '6.jpg'),
(104, 10, '7.jpg'),
(105, 10, '8.jpg'),
(106, 10, '9.jpg'),
(107, 10, '10.jpg'),
(108, 10, '11.jpg'),
(109, 11, '1.jpg'),
(110, 11, '2.jpg'),
(111, 11, '3.jpg'),
(112, 11, '4.jpg'),
(113, 11, '5.jpg'),
(114, 11, '6.jpg'),
(115, 11, '7.jpg'),
(116, 11, '8.jpg'),
(117, 12, '1.jpg'),
(118, 12, '2.jpg'),
(119, 12, '3.jpg'),
(120, 12, '4.jpg'),
(121, 12, '5.jpg'),
(122, 12, '6.jpg'),
(123, 12, '7.jpg'),
(124, 12, '8.jpg'),
(125, 12, '9.jpg'),
(126, 13, '1.jpg'),
(127, 13, '2.jpg'),
(128, 13, '3.jpg'),
(129, 13, '4.jpg'),
(131, 13, '6.jpg'),
(132, 13, '7.jpg'),
(133, 13, '8.jpg'),
(134, 13, '9.jpg'),
(135, 13, '10.jpg'),
(136, 13, '11.jpg'),
(137, 13, '12.jpg'),
(138, 13, '13.jpg'),
(139, 14, '1.jpg'),
(140, 14, '2.jpg'),
(141, 14, '3.jpg'),
(142, 14, '4.jpg'),
(143, 14, '5.jpg'),
(144, 14, '6.jpg'),
(145, 14, '7.jpg'),
(146, 15, '1.jpg'),
(147, 15, '2.jpg'),
(148, 15, '3.jpg'),
(149, 15, '4.jpg'),
(150, 15, '5.jpg'),
(151, 15, '6.jpg'),
(152, 15, '7.jpg'),
(153, 15, '8.jpg'),
(154, 15, '9.jpg'),
(155, 15, '10.jpg'),
(156, 16, '1.jpg'),
(157, 16, '2.jpg'),
(158, 16, '3.jpg'),
(159, 16, '4.jpg'),
(160, 16, '5.jpg'),
(161, 16, '6.jpg'),
(162, 16, '7.jpg'),
(163, 16, '8.jpg'),
(164, 16, '9.jpg'),
(165, 16, '10.jpg'),
(166, 16, '11.jpg'),
(167, 16, '12.jpg'),
(168, 16, '13.jpg'),
(169, 16, '14.jpg'),
(170, 17, '1.jpg'),
(171, 17, '2.jpg'),
(172, 17, '3.jpg'),
(173, 17, '4.jpg'),
(174, 17, '5.jpg'),
(175, 17, '6.jpg'),
(176, 17, '7.jpg'),
(177, 17, '8.jpg'),
(178, 18, '1.jpg'),
(179, 18, '2.jpg'),
(180, 18, '3.jpg'),
(181, 18, '4.jpg'),
(182, 18, '5.jpg'),
(183, 18, '6.jpg'),
(184, 18, '7.jpg'),
(185, 19, '1.jpg'),
(186, 19, '2.jpg'),
(187, 19, '3.jpg'),
(188, 19, '4.jpg'),
(189, 19, '5.jpg'),
(190, 19, '6.jpg'),
(191, 19, '7.jpg'),
(192, 19, '8.jpg'),
(193, 20, '1.jpg'),
(194, 20, '2.jpg'),
(195, 20, '3.jpg'),
(196, 20, '4.jpg'),
(197, 20, '5.jpg'),
(198, 21, '1.jpg'),
(199, 21, '2.jpg'),
(200, 21, '3.jpg'),
(201, 21, '4.jpg'),
(202, 21, '5.jpg'),
(203, 22, '1.jpg'),
(204, 22, '2.jpg'),
(205, 22, '3.jpg'),
(206, 22, '4.jpg'),
(207, 22, '5.jpg'),
(208, 22, '6.jpg'),
(209, 22, '7.jpg'),
(210, 22, '8.jpg'),
(211, 22, '9.jpg'),
(212, 25, '1.jpg'),
(213, 25, '2.jpg'),
(214, 25, '3.jpg'),
(215, 25, '4.jpg'),
(216, 25, '5.jpg'),
(217, 25, '6.jpg'),
(218, 25, '7.jpg'),
(219, 25, '8.jpg'),
(220, 25, '9.jpg'),
(221, 25, '10jpg'),
(222, 25, '11.jpg'),
(223, 25, '12.jpg'),
(224, 7, '1.jpg'),
(225, 7, '2.jpg'),
(226, 7, '3.jpg'),
(227, 7, '4.jpg'),
(228, 7, '5.jpg'),
(229, 7, '6.jpg'),
(230, 7, '7.jpg'),
(231, 7, '8.jpg'),
(232, 7, '9.jpg'),
(233, 7, '10jpg'),
(234, 7, '11.jpg'),
(235, 7, '12.jpg'),
(236, 7, '13.jpg'),
(237, 6, 'photo_2021-01-06_16-57-55.jpg'),
(238, 6, 'photo_2021-01-06_16-57-46.jpg'),
(239, 6, 'photo_2021-01-06_16-57-50.jpg'),
(240, 6, 'photo_2021-01-06_16-57-51.jpg'),
(241, 6, 'photo_2021-01-06_16-57-53.jpg'),
(242, 6, 'photo_2021-01-06_16-57-57.jpg'),
(243, 6, 'photo_2021-01-06_16-57-58.jpg'),
(244, 6, 'photo_2021-01-06_16-58-00.jpg'),
(245, 6, 'photo_2021-01-06_16-58-03.jpg'),
(246, 8, '1.jpeg'),
(247, 8, '2.jpg'),
(248, 8, '3.jpg'),
(249, 8, '4.jpg'),
(250, 8, '5.jpg'),
(251, 8, '6.jpg'),
(252, 8, '7.jpg'),
(253, 8, '8.jpg'),
(254, 8, '9.jpg'),
(255, 8, '10.jpg'),
(256, 8, '11.jpg'),
(257, 8, '12.jpg'),
(258, 23, 'photo_2021-01-07_13-36-20.jpg'),
(259, 23, 'photo_2021-01-07_13-36-22.jpg'),
(260, 23, 'photo_2021-01-07_13-36-24.jpg'),
(261, 23, 'photo_2021-01-07_13-36-25.jpg'),
(262, 23, 'photo_2021-01-07_13-36-26.jpg'),
(263, 24, 'photo_2021-01-07_13-35-25.jpg'),
(264, 24, 'photo_2021-01-07_13-35-27.jpg'),
(265, 24, 'photo_2021-01-07_13-35-28.jpg'),
(266, 24, 'photo_2021-01-07_13-35-29.jpg'),
(267, 24, 'photo_2021-01-07_13-35-30.jpg'),
(268, 24, 'photo_2021-01-07_13-35-312.jpg'),
(269, 24, 'photo_2021-01-07_13-35-31.jpg'),
(270, 26, 'photo_2021-01-06_16-59-15.jpg'),
(271, 26, 'photo_2021-01-06_16-59-16.jpg'),
(272, 26, 'photo_2021-01-06_16-59-18.jpg'),
(273, 26, 'photo_2021-01-06_16-59-19.jpg'),
(274, 26, 'photo_2021-01-06_16-59-22.jpg'),
(275, 26, 'photo_2021-01-06_16-59-24.jpg'),
(276, 26, 'photo_2021-01-06_16-59-25.jpg'),
(277, 26, 'photo_2021-01-06_16-59-27.jpg'),
(278, 26, 'photo_2021-01-06_16-59-31.jpg'),
(279, 26, 'photo_2021-01-06_16-59-39.jpg'),
(280, 26, 'photo_2021-01-06_16-59-40.jpg'),
(281, 26, 'photo_2021-01-06_16-59-42.jpg'),
(282, 26, 'photo_2021-01-06_16-59-54.jpg'),
(283, 26, 'photo_2021-01-06_16-59-56.jpg'),
(284, 26, 'photo_2021-01-06_16-59-57.jpg'),
(285, 26, 'photo_2021-01-06_16-59-59.jpg'),
(286, 26, 'photo_2021-01-06_17-00-02.jpg'),
(287, 27, 'photo_2021-01-06_17-01-33.jpg'),
(288, 27, 'photo_2021-01-06_17-01-34.jpg'),
(289, 27, 'photo_2021-01-06_17-01-35.jpg'),
(290, 27, 'photo_2021-01-06_17-01-36 (2).jpg'),
(291, 27, 'photo_2021-01-06_17-01-36.jpg'),
(292, 27, 'photo_2021-01-06_17-01-38.jpg'),
(293, 28, 'photo_2021-01-06_17-02-06.jpg'),
(294, 28, 'photo_2021-01-06_17-03-19.jpg'),
(295, 28, 'photo_2021-01-06_17-03.jpg'),
(296, 28, 'photo_2021-01-06_17-03-21.jpg'),
(297, 28, 'photo_2021-01-06_17-03-22.jpg'),
(298, 28, 'photo_2021-01-06_17-03-23.jpg'),
(299, 28, 'photo_2021-01-06_17-03-2.jpg'),
(300, 28, 'photo_2021-01-06_17-03-24.jpg'),
(301, 28, 'photo_2021-01-06_17-03-25.jpg'),
(302, 28, 'photo_2021-01-06_17-03-26.jpg'),
(303, 28, 'photo_2021-01-06_17-03-29.jpg'),
(304, 29, 'photo_2021-01-06_17-05-18.jpg'),
(305, 29, 'photo_2021-01-06_17-05-20.jpg'),
(306, 29, 'photo_2021-01-06_17-05-21.jpg'),
(307, 29, 'photo_2021-01-06_17-05-22.jpg'),
(308, 29, 'photo_2021-01-06_17-05-23.jpg'),
(309, 29, 'photo_2021-01-06_17-05-24.jpg'),
(310, 29, 'photo_2021-01-06_17-05-25.jpg'),
(311, 29, 'photo_2021-01-06_17-05-27.jpg'),
(312, 30, 'photo_2021-01-06_17-07-44.jpg'),
(313, 30, 'photo_2021-01-06_17-07-46.jpg'),
(314, 30, 'photo_2021-01-06_17-07-47.jpg'),
(315, 30, 'photo_2021-01-06_17-07-48.jpg'),
(316, 30, 'photo_2021-01-06_17-07-50.jpg'),
(317, 30, 'photo_2021-01-06_17-07-51.jpg'),
(318, 30, 'photo_2021-01-06_17-07-52.jpg'),
(319, 30, 'photo_2021-01-06_17-07-482.jpg'),
(320, 30, 'photo_2021-01-06_17-07-522.jpg'),
(321, 31, 'photo_2021-01-07_13-20-33.jpg'),
(322, 31, 'photo_2021-01-07_13-20-36.jpg'),
(323, 31, 'photo_2021-01-07_13-20-38.jpg'),
(324, 31, 'photo_2021-01-07_13-20-39.jpg'),
(325, 31, 'photo_2021-01-07_13-20-40.jpg'),
(326, 31, 'photo_2021-01-07_13-20-42.jpg'),
(327, 31, 'photo_2021-01-07_13-20-43.jpg'),
(328, 31, 'photo_2021-01-07_13-20-45.jpg'),
(329, 32, 'photo_2021-01-07_13-21-21.jpg'),
(330, 32, 'photo_2021-01-07_13-21-22.jpg'),
(331, 32, 'photo_2021-01-07_13-21-25.jpg'),
(332, 32, 'photo_2021-01-07_13-21-26.jpg'),
(333, 32, 'photo_2021-01-07_13-21-28.jpg'),
(334, 32, 'photo_2021-01-07_13-21-29.jpg'),
(335, 32, 'photo_2021-01-07_13-21-31.jpg'),
(336, 32, 'photo_2021-01-07_13-21-33.jpg'),
(337, 32, 'photo_2021-01-07_13-21-35.jpg'),
(338, 33, 'photo_2021-01-07_13-23-08.jpg'),
(339, 33, 'photo_2021-01-07_13-23-09.jpg'),
(340, 33, 'photo_2021-01-07_13-23-11.jpg'),
(341, 33, 'photo_2021-01-07_13-23-12.jpg'),
(342, 33, 'photo_2021-01-07_13-23-13.jpg'),
(343, 33, 'photo_2021-01-07_13-23-14.jpg'),
(344, 33, 'photo_2021-01-07_13-23-16.jpg'),
(345, 33, 'photo_2021-01-07_13-23-19.jpg'),
(346, 33, 'photo_2021-01-07_13-23-17.jpg'),
(347, 33, 'photo_2021-01-07_13-23-21.jpg'),
(348, 34, 'photo_2021-01-07_13-25-28.jpg'),
(349, 34, 'photo_2021-01-07_13-25-30.jpg'),
(350, 34, 'photo_2021-01-07_13-25-31.jpg'),
(351, 34, 'photo_2021-01-07_13-25-33.jpg'),
(352, 34, 'photo_2021-01-07_13-25-34.jpg'),
(353, 34, 'photo_2021-01-07_13-25-36.jpg'),
(354, 34, 'photo_2021-01-07_13-25-38.jpg'),
(355, 34, 'photo_2021-01-07_13-25-40.jpg'),
(356, 34, 'photo_2021-01-07_13-25-42.jpg'),
(357, 35, 'photo_2021-01-07_13-32-47.jpg'),
(358, 35, 'photo_2021-01-07_13-32-49.jpg'),
(359, 35, 'photo_2021-01-07_13-32-50.jpg'),
(360, 35, 'photo_2021-01-07_13-32-51.jpg'),
(361, 35, 'photo_2021-01-07_13-32-52.jpg'),
(362, 35, 'photo_2021-01-07_13-32-55.jpg'),
(363, 35, 'photo_2021-01-07_13-32-57.jpg'),
(364, 35, 'photo_2021-01-07_13-32-58.jpg'),
(365, 36, 'photo_2021-01-07_13-34-07.jpg'),
(366, 36, 'photo_2021-01-07_13-34-13.jpg'),
(367, 36, 'photo_2021-01-07_13-34-12.jpg'),
(368, 36, 'photo_2021-01-07_13-34-09.jpg'),
(369, 36, 'photo_2021-01-07_13-34-05.jpg'),
(370, 36, 'photo_2021-01-07_13-34-08.jpg'),
(371, 36, 'photo_2021-01-07_13-34-11.jpg'),
(372, 36, 'photo_2021-01-07_13-34-10.jpg'),
(373, 37, 'photo_2021-01-07_13-35-03.jpg'),
(374, 37, 'photo_2021-01-07_13-35-04.jpg'),
(375, 37, 'photo_2021-01-07_13-35-02.jpg'),
(376, 37, 'photo_2021-01-07_13-35-01.jpg'),
(377, 37, 'photo_2021-01-07_13-35-00.jpg'),
(378, 37, 'photo_2021-01-07_13-34-59.jpg');

-- --------------------------------------------------------

--
-- Структура таблицы `sana_price`
--

CREATE TABLE `sana_price` (
  `id` int(11) NOT NULL,
  `sana_id` int(11) NOT NULL,
  `number` int(11) DEFAULT NULL,
  `name` text NOT NULL,
  `price1` int(11) DEFAULT NULL,
  `price2` int(11) DEFAULT NULL,
  `price3` int(11) DEFAULT NULL,
  `price4` int(11) DEFAULT NULL
) ENGINE=InnoDB DEFAULT CHARSET=utf8mb3 COLLATE=utf8mb3_general_ci;

--
-- Дамп данных таблицы `sana_price`
--

INSERT INTO `sana_price` (`id`, `sana_id`, `number`, `name`, `price1`, `price2`, `price3`, `price4`) VALUES
(1, 1, 1, 'Стандарт', 12900, NULL, NULL, NULL),
(2, 1, 2, 'Стандарт+', 14500, NULL, NULL, NULL),
(3, 1, 3, 'Комфорт', 18000, NULL, NULL, NULL),
(4, 1, 4, 'Полу Люкс', 25000, 45000, NULL, NULL),
(6, 1, 6, 'Люкс', 35000, 60000, NULL, NULL),
(8, 1, 8, 'Супер Люкс', 100000, NULL, NULL, NULL),
(9, 2, 1, 'Эконом Класс', NULL, 19000, NULL, NULL),
(10, 2, 2, 'Стандарт', NULL, 27000, NULL, NULL),
(11, 2, 3, 'Полу Люкс', 18000, 31000, NULL, NULL),
(13, 2, 5, 'Люкс', NULL, 40000, NULL, NULL),
(14, 3, 1, 'Стандарт', 15000, 30000, NULL, NULL),
(15, 3, 2, 'Полу Люкс', 17000, 34000, NULL, NULL),
(16, 3, 3, 'Люкс', NULL, 42000, NULL, NULL),
(17, 4, 1, 'Эконом Класс', 12500, 25000, NULL, NULL),
(19, 4, 3, 'Стандарт', 24800, 38500, NULL, NULL),
(21, 4, 5, 'Полу Люкс', 25800, 39500, NULL, NULL),
(23, 4, 7, 'Люкс', 36800, 49000, NULL, NULL),
(25, 4, 9, 'Супер люкс', 65000, NULL, NULL, NULL),
(26, 5, 1, 'Стандарт', NULL, 22000, 30000, 36000),
(29, 5, 4, 'Полу Люкс', NULL, 29000, 36000, 44000),
(41, 25, 1, 'Полу Люкс', 18000, 27000, 35000, NULL),
(44, 25, 4, 'Люкс', NULL, 55000, NULL, NULL),
(45, 25, 5, 'VIP', 45000, 65000, NULL, NULL),
(46, 9, 1, 'Полу Люкс', 24500, 25000, 31500, NULL),
(49, 9, 4, 'Люкс', NULL, 32000, NULL, NULL),
(50, 10, 1, 'Эконом Класс', NULL, 14000, NULL, NULL),
(52, 10, 3, 'Полу Люкс', NULL, 18000, 27000, NULL),
(53, 10, 4, 'Люкс', NULL, 20000, 30000, NULL),
(54, 11, 1, 'Эконом Класс', 7000, NULL, NULL, NULL),
(55, 11, 2, 'Полу Люкс', NULL, 11000, 10000, NULL),
(57, 11, NULL, 'Люкс', NULL, 13000, NULL, NULL),
(58, 12, NULL, 'Эконом Класс', 7000, 14000, NULL, NULL),
(60, 12, NULL, 'Полу Люкс', 14000, 18000, NULL, NULL),
(62, 12, NULL, 'Люкс', 10500, 10500, NULL, NULL),
(64, 13, NULL, 'Стандартный', NULL, 11000, NULL, 40000),
(65, 13, NULL, 'Полу Люкс', NULL, 24000, 33000, 40000),
(66, 14, NULL, 'Стандартный', 9500, NULL, NULL, NULL),
(67, 14, NULL, 'Полу Люкс', NULL, 12000, 10000, NULL),
(69, 14, NULL, 'Люкс', 15000, 13000, NULL, NULL),
(71, 14, NULL, 'Супер Люкс', 20000, NULL, NULL, NULL),
(72, 15, NULL, 'Стандартный', NULL, 7000, 7000, NULL),
(74, 15, NULL, 'Полу Люкс', NULL, 9000, 8000, NULL),
(76, 15, NULL, 'Люкс', 10000, NULL, NULL, NULL),
(77, 15, NULL, 'Супер Люкс', 20000, NULL, NULL, NULL),
(78, 16, NULL, 'Полу Люкс', 13500, 23000, 32700, 35600),
(80, 16, NULL, 'Люкс', NULL, 27600, 39000, 52000),
(83, 16, NULL, 'Супер Люкс', 25000, NULL, NULL, NULL),
(84, 17, NULL, 'Стандартный', 7000, 7000, NULL, NULL),
(86, 17, NULL, 'Полу Люкс', 10000, 10000, NULL, NULL),
(88, 18, NULL, 'Эконом класс', NULL, 13000, NULL, NULL),
(89, 18, NULL, 'Стандарт', NULL, NULL, 22500, NULL),
(91, 18, NULL, 'Полу Люкс', NULL, 18000, 31500, NULL),
(93, 19, NULL, 'Эконом Класс', NULL, 16000, NULL, NULL),
(94, 19, NULL, 'Полу Люкс', 18000, 24000, 30000, NULL),
(95, 19, NULL, 'Люкс', NULL, 26000, NULL, NULL),
(96, 20, NULL, 'Стандарт', 9500, NULL, NULL, NULL),
(97, 20, NULL, 'Полу Люкс', 12000, NULL, NULL, NULL),
(98, 20, NULL, 'Люкс', 14000, NULL, NULL, NULL),
(99, 20, NULL, 'VIP', 16500, NULL, NULL, NULL),
(100, 21, NULL, 'Полу Люкс', NULL, 24000, 33000, 40000),
(103, 22, NULL, 'Стандарт', 7000, 9000, 8000, NULL),
(104, 22, NULL, 'Стандарт+', NULL, 10000, 9000, NULL),
(105, 8, NULL, 'Полу Люкс', NULL, 12000, 10000, 9000),
(108, 7, NULL, 'Стандарт', NULL, 8000, 7500, 7000),
(111, 7, NULL, 'Полу Люкс', NULL, 10000, 9000, 8000),
(114, 23, NULL, 'Стандарт', NULL, 8000, NULL, 7500),
(115, 23, NULL, 'Стандарт+', NULL, 9000, 8500, NULL),
(116, 23, NULL, 'Полу Люкс', NULL, 10000, NULL, NULL),
(117, 24, NULL, 'Комфорт', 13000, 11000, 10000, NULL),
(118, 37, NULL, 'Стандарт', NULL, 11000, 11000, NULL),
(119, 37, NULL, 'Полу Люкс', NULL, 13000, NULL, NULL),
(120, 37, NULL, 'Люкс', NULL, 34000, NULL, 40000),
(121, 36, NULL, 'Комфорт', NULL, NULL, 12000, NULL),
(122, 36, NULL, 'Полу Люкс', NULL, 13000, NULL, NULL),
(123, 36, NULL, 'Люкс', NULL, 17000, NULL, NULL),
(124, 22, NULL, 'Полу Люкс', NULL, 12000, NULL, NULL),
(125, 34, NULL, 'Эконом Клас', NULL, 13000, NULL, NULL),
(126, 34, NULL, 'Стандарт', NULL, NULL, 8000, NULL),
(127, 34, NULL, 'Полу Люкс', NULL, 10000, NULL, NULL),
(128, 33, NULL, 'Эконом Клас', NULL, 14000, NULL, NULL),
(129, 33, NULL, 'Стандарт', NULL, 18000, 27000, 32000),
(130, 33, NULL, 'Полу Люкс', NULL, 20000, NULL, NULL),
(131, 33, NULL, 'Люкс', NULL, 30000, NULL, NULL),
(132, 32, NULL, 'Стандарт', 13000, 18000, NULL, NULL),
(133, 32, NULL, 'Полу Люкс', 18000, 24000, 30000, NULL),
(134, 31, NULL, 'Стандарт', 7000, 18000, 27000, NULL),
(135, 31, NULL, 'Полу Люкс', 10000, NULL, NULL, NULL),
(136, 31, NULL, 'Люкс', 15000, 30000, NULL, NULL),
(137, 30, NULL, 'Полу Люкс', NULL, 27000, 48000, NULL),
(138, 29, NULL, 'Стандарт', 10000, 20000, 30000, NULL),
(139, 29, NULL, 'Полу Люкс', NULL, 40000, NULL, NULL),
(140, 29, NULL, 'VIP', 45000, NULL, NULL, NULL),
(141, 28, NULL, 'Эконом Класс', NULL, 14000, NULL, NULL),
(142, 28, NULL, 'Стандарт', NULL, 18000, 25500, NULL),
(143, 28, NULL, 'Стандарт+', 15000, 24000, 27000, NULL),
(144, 28, NULL, 'Полу Люкс', NULL, 30000, NULL, NULL),
(145, 28, NULL, 'Люкс', NULL, 34000, NULL, NULL),
(146, 27, NULL, 'Стандарт', NULL, NULL, 27000, NULL),
(147, 27, NULL, 'Стандарт+', NULL, 20000, NULL, NULL),
(148, 27, NULL, 'Полу Люкс', NULL, 24000, NULL, NULL),
(149, 27, NULL, 'Люкс', 15000, 30000, NULL, NULL),
(150, 18, NULL, 'Люкс', NULL, 24000, NULL, NULL),
(151, 9, NULL, 'Стандарт', NULL, 20000, NULL, NULL),
(152, 26, NULL, 'Стандарт', 13000, 16000, NULL, NULL),
(153, 26, NULL, 'Полу Люкс', 18000, 24000, 30000, NULL),
(154, 6, NULL, 'Стандарт', 12000, 24000, 36000, NULL),
(155, 6, NULL, 'Полу Люкс', 15000, NULL, NULL, NULL),
(156, 35, NULL, 'Стандарт', 10000, NULL, NULL, NULL),
(157, 35, NULL, 'Полу Люкс', 12000, NULL, NULL, NULL),
(158, 3, NULL, 'Эконом Класс', 13000, 26000, NULL, NULL);

-- --------------------------------------------------------

--
-- Структура таблицы `site`
--

CREATE TABLE `site` (
  `id` int(11) NOT NULL,
  `site` varchar(255) NOT NULL,
  `title` varchar(255) DEFAULT NULL,
  `title_ru` varchar(255) DEFAULT NULL,
  `keyw` varchar(255) DEFAULT NULL,
  `keyw_ru` varchar(255) DEFAULT NULL,
  `desc` varchar(255) DEFAULT NULL,
  `desc_ru` varchar(255) DEFAULT NULL,
  `color` varchar(255) DEFAULT NULL,
  `color2` varchar(255) DEFAULT NULL,
  `phone` varchar(255) DEFAULT NULL,
  `phone_view` varchar(255) DEFAULT NULL,
  `phone2` varchar(255) DEFAULT NULL,
  `phone2_view` varchar(255) DEFAULT NULL,
  `instagram` varchar(255) DEFAULT NULL,
  `facebook` varchar(255) DEFAULT NULL,
  `whatsapp` varchar(255) DEFAULT NULL,
  `whatsapp_view` varchar(255) DEFAULT NULL,
  `telegram` varchar(255) DEFAULT NULL,
  `sms` varchar(255) DEFAULT NULL,
  `mail` varchar(255) DEFAULT NULL
) ENGINE=InnoDB DEFAULT CHARSET=utf8mb3 COLLATE=utf8mb3_general_ci;

--
-- Дамп данных таблицы `site`
--

INSERT INTO `site` (`id`, `site`, `title`, `title_ru`, `keyw`, `keyw_ru`, `desc`, `desc_ru`, `color`, `color2`, `phone`, `phone_view`, `phone2`, `phone2_view`, `instagram`, `facebook`, `whatsapp`, `whatsapp_view`, `telegram`, `sms`, `mail`) VALUES
(1, 'kurorts', 'Санатория Сарыагаш, ем-алу, демалыc', 'Санатория Сарыагаш, лечение, отдых и курорт', 'санатории сарыагаш, санатории сарыағаш, курорт сарыагаш, лучшие санатории в сарыагаше, санаторий в сарыагаше, отдых и лечение в сарыагаше, санатория сарыағаш, курорт сарыағаш, санаторий сарыағаш, санатория сарыағаш', 'санатории сарыагаш, санатории сарыағаш, курорт сарыагаш, лучшие санатории в сарыагаше, санаторий в сарыагаше, отдых и лечение в сарыагаше, санатория сарыағаш, курорт сарыағаш, санаторий сарыағаш, санатория сарыағаш', 'Сарыағаш шипажайы сізді Сарыағаш қаласының барлық шипажайларына санаторийлердің өз бағалары бойынша сатып алуға шақырады. ☎', 'Санаторий Сарыагаш предлагает вам приобрести путевки во все санатории города Сарыагаш по ценам самих санаториев. ☎', '#007AC3', '#FF863B', '87756365747', '+7 (775) 636-57-47', NULL, NULL, NULL, NULL, '77756365747', '+7 (775) 636-57-47', NULL, NULL, NULL);

--
-- Индексы сохранённых таблиц
--

--
-- Индексы таблицы `review`
--
ALTER TABLE `review`
  ADD PRIMARY KEY (`id`);

--
-- Индексы таблицы `sana`
--
ALTER TABLE `sana`
  ADD PRIMARY KEY (`id`);

--
-- Индексы таблицы `sana_img`
--
ALTER TABLE `sana_img`
  ADD PRIMARY KEY (`id`),
  ADD KEY `sana_id_img` (`sana_id`);

--
-- Индексы таблицы `sana_price`
--
ALTER TABLE `sana_price`
  ADD PRIMARY KEY (`id`),
  ADD KEY `sana_id_price` (`sana_id`);

--
-- Индексы таблицы `site`
--
ALTER TABLE `site`
  ADD PRIMARY KEY (`id`);

--
-- AUTO_INCREMENT для сохранённых таблиц
--

--
-- AUTO_INCREMENT для таблицы `review`
--
ALTER TABLE `review`
  MODIFY `id` int(11) NOT NULL AUTO_INCREMENT, AUTO_INCREMENT=12;

--
-- AUTO_INCREMENT для таблицы `sana`
--
ALTER TABLE `sana`
  MODIFY `id` int(11) NOT NULL AUTO_INCREMENT, AUTO_INCREMENT=40;

--
-- AUTO_INCREMENT для таблицы `sana_img`
--
ALTER TABLE `sana_img`
  MODIFY `id` int(11) NOT NULL AUTO_INCREMENT, AUTO_INCREMENT=379;

--
-- AUTO_INCREMENT для таблицы `sana_price`
--
ALTER TABLE `sana_price`
  MODIFY `id` int(11) NOT NULL AUTO_INCREMENT, AUTO_INCREMENT=159;

--
-- AUTO_INCREMENT для таблицы `site`
--
ALTER TABLE `site`
  MODIFY `id` int(11) NOT NULL AUTO_INCREMENT, AUTO_INCREMENT=2;

--
-- Ограничения внешнего ключа сохраненных таблиц
--

--
-- Ограничения внешнего ключа таблицы `sana_img`
--
ALTER TABLE `sana_img`
  ADD CONSTRAINT `sana_id_img` FOREIGN KEY (`sana_id`) REFERENCES `sana` (`id`) ON UPDATE CASCADE;

--
-- Ограничения внешнего ключа таблицы `sana_price`
--
ALTER TABLE `sana_price`
  ADD CONSTRAINT `sana_id_price` FOREIGN KEY (`sana_id`) REFERENCES `sana` (`id`) ON UPDATE CASCADE;
COMMIT;

/*!40101 SET CHARACTER_SET_CLIENT=@OLD_CHARACTER_SET_CLIENT */;
/*!40101 SET CHARACTER_SET_RESULTS=@OLD_CHARACTER_SET_RESULTS */;
/*!40101 SET COLLATION_CONNECTION=@OLD_COLLATION_CONNECTION */;
